r2,mse,mae
0.7514328851756489,957.0945303337479,22.64125084110847
