r2,mse,mae
0.678356077344047,925.859088570644,23.80777707452742
