r2,mse,mae
0.668834494259106,810.594979975607,22.645475981891778
