r2,mse,mae
0.975580865303213,105.66714952709684,5.324722140104886
