r2,mse,mae
0.9762384294610116,91.4926707463936,5.5305393145596655
