r2,mse,mae
0.9721929005852677,80.04334578227359,5.236648370015992
