r2,mse,mae
0.9673951392014107,79.80703312384948,5.680713384917758
